{"minimum": 0.00014616711082293676, "maximum": 1.9737295297735846}