{"minimum": 1.7029478991889557e-08, "maximum": 0.0058778628216322095}