{"minimum": 0.5555555555038154, "maximum": 74268.63809827846}