{"minimum": 1.0815157493529459e-10, "maximum": 0.00041930821325183933}