{"minimum": 1.0815157493529459e-10, "maximum": 0.0004291043784914648}