{"minimum": 61.11111110448837, "maximum": 50833443.71450662}