{"minimum": 61.11111110448837, "maximum": 49809957.900732286}