{"minimum": 0.11111111112404615, "maximum": 245887.06832671206}