{"minimum": 0.11111111112404615, "maximum": 57828.64510998454}