{"minimum": 416.22222220897675, "maximum": 31950564.963446356}