{"minimum": 0.11111111112404615, "maximum": 35559.048148673566}