{"minimum": 0.11111111112404615, "maximum": 58862.21823792296}