{"minimum": 401.66666662693024, "maximum": 62126332.05367243}