{"minimum": 1.6273446925119117e-05, "maximum": 1.176552307621106}