{"minimum": 5.111784098232874e-07, "maximum": 0.08132996905205951}