{"minimum": 1.1538682975677922e-09, "maximum": 6.934110149379526e-05}