{"minimum": 3.7159540808989755e-10, "maximum": 9.04908069841763e-05}