{"minimum": 2.1629397228828395e-06, "maximum": 0.49623108749001155}