{"minimum": 2.3272958191676574e-10, "maximum": 0.00012555420322770658}