{"minimum": 2.004832513517003e-11, "maximum": 3.607313464584511e-06}