{"minimum": 3.3712213642900224e-07, "maximum": 0.6422894926646817}