{"minimum": 1.7791620496865335e-06, "maximum": 1.525965286912108}