{"minimum": 1.104416380570683e-07, "maximum": 0.43748612812490917}