{"minimum": 2.7068071339897415e-07, "maximum": 0.5468603599066321}