{"minimum": 3.111716962989064e-06, "maximum": 0.2783995125747506}