{"minimum": 1.180657895893944e-06, "maximum": 0.1027446221064009}