{"minimum": 1.180657895893944e-06, "maximum": 0.10221029845566795}