{"minimum": 4.84703013725607e-07, "maximum": 1.948567278579425}