{"minimum": 2.5399414154136934e-06, "maximum": 0.8026420683643619}