{"minimum": 5.44756134055217e-12, "maximum": 2.843478880930196e-06}