{"minimum": 7.926905510879934e-07, "maximum": 0.04785415257611157}