{"minimum": 2.5285519107853816e-05, "maximum": 1.8304871538398106}