{"minimum": 4.340951053748588e-12, "maximum": 5.690041815680983e-06}