{"minimum": 1.9157037620728262e-10, "maximum": 3.2242163706380734e-05}