{"minimum": 2.0030498805022768e-11, "maximum": 1.1301330520487643e-05}