{"minimum": 3.688004505193916e-12, "maximum": 4.706070748488583e-06}