{"minimum": 2.346686472746995e-09, "maximum": 0.0007127626008892846}