{"minimum": 1.6451109517614387e-11, "maximum": 1.4906211031585052e-05}