{"minimum": 1.134559390436607e-06, "maximum": 0.46014340865658465}