{"minimum": 1.168169821319509e-06, "maximum": 0.5291054166672842}