{"minimum": 1.4653627884442244e-06, "maximum": 2.597668436970155}