{"minimum": 4.584586363876042e-07, "maximum": 0.3644427708600672}