{"minimum": 7.303459649121019e-10, "maximum": 0.00011351406741898261}