{"minimum": 6.445420369302624e-11, "maximum": 5.514938357074821e-05}