{"minimum": 4.6324496951084815e-10, "maximum": 0.0008009472736056479}