{"minimum": 4.584586363876042e-07, "maximum": 0.3664295956379652}