{"minimum": 1.8351502333816688e-09, "maximum": 0.0007958924248897575}