{"minimum": 5.663660256928493e-10, "maximum": 0.00011302651006945259}