{"minimum": 2.650654051250534e-07, "maximum": 0.028131590744385655}