{"minimum": 2.655260876826388e-11, "maximum": 1.0094824967425952e-05}