{"minimum": 1.698683601780715e-06, "maximum": 0.3100385757895256}