{"minimum": 7.637138459415382e-07, "maximum": 0.1323886126631457}