{"minimum": 2.1690933049711703e-07, "maximum": 0.8562380437723087}