{"minimum": 4.340951053748588e-12, "maximum": 5.6982329000035985e-06}