{"minimum": 1.2913091965494061e-05, "maximum": 2.846893914649302}