{"minimum": 5.677054168984341e-07, "maximum": 0.6647230193611895}