{"minimum": 1.1538682975677922e-09, "maximum": 6.970319311902832e-05}