{"minimum": 2.1629397228828395e-06, "maximum": 0.4962303124959512}