{"minimum": 1.0336230928498225e-05, "maximum": 1.1664891954771168}