{"minimum": 3.688004505193916e-12, "maximum": 4.701767822571719e-06}