{"minimum": 1.1996973835366742e-11, "maximum": 2.0653026203539376e-05}