{"minimum": 4.546312017961185e-07, "maximum": 0.10960390717960598}