{"minimum": 2.7068071339897415e-07, "maximum": 0.5446482019374129}