{"minimum": 1.1996973835366742e-11, "maximum": 2.071528715797595e-05}