SystemId,threshold,maxF1,PPV,total
teknobyen-gw1,7.4444444444,0.5,0.3333333333333333,160
hoytek-gw2,18.7777777777,0.09375,0.05,160