SystemId,threshold,maxF1,PPV,total
teknobyen-gw1,4.3333333333,0.1111111111111111,0.0625,165
hoytek-gw2,23.0,0.125,0.0714285714285714,165