SystemId,threshold,maxF1,PPV,total
teknobyen-gw1,6.6666666666,0.5714285714285714,0.4,155
hoytek-gw2,25.1111111111,0.1739130434782608,0.1052631578947368,155