SystemId,threshold,maxTPR,PPV,total
teknobyen-gw1,6.6666666666,1.0,0.4,155
hoytek-gw2,6.6666666666,1.0,0.036697247706422,155