SystemId,threshold,maxTPR,PPV,total
teknobyen-gw1,1.4444444444,1.0,0.0235294117647058,165
hoytek-gw2,10.8888888888,1.0,0.0416666666666666,165