SystemId,threshold,maxTPR
stangnes-gw,0.140212,1.0
rodbergvn-gw2,0.166077,1.0
narvik-gw4,-0.171271,0.9992348890589136
tromso-fh-gw,1.062354,1.0
tromso-gw5,0.330399,1.0
teknobyen-gw1,-0.013808,1.0
narvik-gw3,0.241207,1.0
hovedbygget-gw,0.881207,1.0
hoytek-gw2,-0.474054,1.0
teknobyen-gw2,1.929405,1.0
ma2-gw,0.428649,1.0
bergen-gw3,0.843077,1.0
narvik-kv-gw,0.422868,1.0
trd-gw,3.300064,1.0
ifi2-gw5,-0.091988,1.0
oslo-gw1,8.551712,1.0