SystemId,threshold,maxTPR
stangnes-gw,-0.724561,1.0
rodbergvn-gw2,-0.657702,0.98
tromso-fh-gw,-0.424869,0.986100386100386
tromso-gw5,-0.510539,1.0
teknobyen-gw1,-0.999939,0.5860172820109977
narvik-gw3,-0.436544,1.0
hovedbygget-gw,-0.434994,1.0
teknobyen-gw2,-0.336357,1.0
ma2-gw,-1.026854,1.0
bergen-gw3,-0.327979,1.0
narvik-kv-gw,-0.344593,0.9976798143851509
trd-gw,-0.615635,1.0
ifi2-gw5,-1.003117,0.9838212634822804
oslo-gw1,-0.844477,1.0