SystemId,threshold,maxTPR
stangnes-gw,0.140173,1.0
rodbergvn-gw2,0.164016,1.0
narvik-gw4,-0.116098,1.0
tromso-fh-gw,1.094095,1.0
tromso-gw5,0.334367,1.0
teknobyen-gw1,-0.014982,1.0
narvik-gw3,0.239589,1.0
hovedbygget-gw,0.838803,1.0
hoytek-gw2,0.007705,0.9992348890589136
teknobyen-gw2,2.390413,1.0
ma2-gw,0.449653,1.0
bergen-gw3,0.040539,1.0
narvik-kv-gw,0.026637,1.0
trd-gw,3.105366,1.0
ifi2-gw5,-0.088674,1.0
oslo-gw1,3.727557,1.0