SystemId,threshold,maxTPR
stangnes-gw,1.140519,1.0
rodbergvn-gw2,1.631125,1.0
narvik-gw4,-1.944783,1.0
tromso-fh-gw,3.53662,1.0
tromso-gw5,2.327219,1.0
teknobyen-gw1,-0.125133,1.0
narvik-gw3,1.269521,1.0
hovedbygget-gw,3.938759,1.0
hoytek-gw2,-1.81869,1.0
teknobyen-gw2,4.463769,1.0
ma2-gw,2.463439,1.0
bergen-gw3,0.062852,1.0
narvik-kv-gw,0.078631,1.0
trd-gw,5.134214,1.0
ifi2-gw5,-0.215969,0.9992295839753468
oslo-gw1,4.863014,1.0