SystemId,threshold,maxTPR
stangnes-gw,1.212348,1.0
rodbergvn-gw2,1.584277,1.0
narvik-gw4,-2.36873,1.0
tromso-fh-gw,2.422006,1.0
tromso-gw5,2.170726,1.0
teknobyen-gw1,-0.10226,1.0
narvik-gw3,1.213223,1.0
hovedbygget-gw,3.050537,1.0
hoytek-gw2,-5.022096,1.0
teknobyen-gw2,3.916712,1.0
ma2-gw,1.698907,1.0
bergen-gw3,1.41342,1.0
narvik-kv-gw,1.276875,1.0
trd-gw,10.658654,1.0
ifi2-gw5,-0.216222,0.9992295839753468
oslo-gw1,10.795664,1.0