{"minimum": 0.1087753764923685, "maximum": 57.781663896503645}