{"minimum": 1836.5555555820465, "maximum": 98212408.6076689}