{"minimum": 1934.222222328186, "maximum": 149716703.65788195}