{"minimum": 70639200.88867188, "maximum": 390789421727.29144}