{"minimum": 0.5656179986747836, "maximum": 45.05937890725443}