{"minimum": 0.2960113891180977, "maximum": 22.165575036560735}