{"minimum": 0.02678631498826322, "maximum": 0.7437882269990418}