{"minimum": 0.01584540575760908, "maximum": 0.7421319769826767}