{"minimum": -0.001423765117639717, "maximum": 0.007240908473806781}