{"minimum": 2323.4444444179535, "maximum": 95006710.19758572}