{"minimum": 5175.555555343628, "maximum": 303681636.7197403}