{"minimum": 0.7899182260888802, "maximum": 28.40090363042105}