{"minimum": 1476162.77734375, "maximum": 401516021706.92975}