{"minimum": -1.0167390045367024, "maximum": 40.97714116915047}