{"minimum": 3578.222222328186, "maximum": 187065309.24027184}