{"minimum": 1026.111111164093, "maximum": 193199773.1410225}