{"minimum": 2.041133273076029, "maximum": 55.845502736967674}