{"minimum": 1026.111111164093, "maximum": 198242805.34029296}