{"minimum": 687702.1110839844, "maximum": 125309556038.32082}