{"minimum": 236.11111116409302, "maximum": 182981150.61604786}