{"minimum": 861.5555553436279, "maximum": 311874132.31648827}