{"minimum": 2436249.8889160156, "maximum": 236803683498.67377}