{"minimum": 45739.33337402344, "maximum": 125328046765.70023}