{"minimum": 0.1480318162428674, "maximum": 50.12332784628286}