{"minimum": 1945.444444656372, "maximum": 153989765.82262123}