SystemId,threshold,maxF1,PPV,total
teknobyen-gw1,4.77,0.0526315789473684,0.0277777777777777,704