SystemId,threshold,maxF1,PPV,total
teknobyen-gw1,4.66,0.0186915887850467,0.0095238095238095,699