SystemId,threshold,maxF1,PPV,total
teknobyen-gw1,0.77,0.0072595281306715,0.0036429872495446,694