{"minimum": 61.11111110448837, "maximum": 839164683.4444444}