SystemId,threshold,maxTPR
stangnes-gw,-1.031066,0.9973715651135006
rodbergvn-gw2,-0.757293,0.9966539196940728
tromso-fh-gw,-0.530802,1.0
tromso-gw5,-0.872047,1.0
teknobyen-gw1,-1.000629,1.0
narvik-gw3,-1.005588,1.0
hovedbygget-gw,-0.632334,0.9995242626070407
teknobyen-gw2,-0.829521,0.9971139971139972
ma2-gw,-1.03277,1.0
bergen-gw3,-0.790299,1.0
narvik-kv-gw,-0.333911,1.0
trd-gw,-0.98252,1.0
ifi2-gw5,-1.009431,1.0
oslo-gw1,-1.003489,1.0