SystemId,threshold,maxTPR
stangnes-gw,-0.036195,0.9973715651135006
rodbergvn-gw2,-0.024687,0.9968929254302104
tromso-fh-gw,-0.039549,0.99903984637542
tromso-gw5,-0.008993,0.9937575030012004
teknobyen-gw1,-0.006854,1.0
narvik-gw3,-0.002556,0.9983273596176822
hovedbygget-gw,-0.000815,1.0
teknobyen-gw2,-0.002482,0.9954304954304954
ma2-gw,-0.002299,1.0
bergen-gw3,-0.000505,0.9997620180866256
narvik-kv-gw,-0.038372,1.0
trd-gw,-0.000125,1.0
ifi2-gw5,-0.015825,1.0
oslo-gw1,-0.00021,1.0