{"minimum": 2.7068071339897415e-07, "maximum": 3.249295039519983}