{"minimum": 3.3712213642900224e-07, "maximum": 3.201099338345413}