{"minimum": 1.0815157493529459e-10, "maximum": 0.019191519507574053}