{"minimum": 2.5285519107853816e-05, "maximum": 5.943150403671795}