{"minimum": 1.180657895893944e-06, "maximum": 1.6049640064384394}