{"minimum": 2.1690933049711703e-07, "maximum": 3.5647461828145928}