{"minimum": 4.584586363876042e-07, "maximum": 4.533101650497452}