{"minimum": 4.84703013725607e-07, "maximum": 6.4391682403571995}