{"minimum": 3.688004505193916e-12, "maximum": 4.188725163580098e-05}