{"minimum": 1.1996973835366742e-11, "maximum": 0.00023532296997739283}