{"minimum": 0.11111111112404615, "maximum": 1900008.666666667}