{"minimum": 4.340951053748588e-12, "maximum": 6.818273189280747e-05}