{"minimum": 1.1538682975677922e-09, "maximum": 0.001085208838107859}