{"minimum": 1.3980770954269417e-05, "maximum": 0.5398705807171784}