{"minimum": 1.0231908497831954e-06, "maximum": 0.011295170014161783}