{"minimum": 2.247003216687693e-07, "maximum": 0.01326066739827894}