{"minimum": 5.766018876585122e-06, "maximum": 0.639732212563164}