{"minimum": 1.1609247706267922e-05, "maximum": 0.5582622894553972}