{"minimum": 3.234259497511549e-07, "maximum": 0.009894164506877448}