{"minimum": 2.0460310642955726e-07, "maximum": 0.00852961035627273}