{"minimum": 3.67029641054617e-07, "maximum": 0.01384905198690678}