{"minimum": 8.551749202112546e-07, "maximum": 0.6056848732758694}