{"minimum": 2.0415302559584347e-08, "maximum": 0.007368192281459922}