{"minimum": 2.510860964560768e-07, "maximum": 0.014642571189881565}