{"minimum": 3.2411855345415574e-05, "maximum": 0.6360570340182444}