{"minimum": 3.796413730258741e-09, "maximum": 0.00042043236345014464}