{"minimum": 2.9447838774565582e-05, "maximum": 0.5458365456037142}