{"minimum": 4.008035376390495e-05, "maximum": 0.44644652313308925}