{"minimum": 2.4301472207888253e-05, "maximum": 0.46885768346835704}