{"minimum": 4.7357941945769255e-05, "maximum": 0.651028393191095}