{"minimum": 1.1990274551010316e-08, "maximum": 0.5052490340286757}