{"minimum": 6.904684979325282e-08, "maximum": 0.007991787363994552}