{"minimum": 1.0626216106146558e-05, "maximum": 0.45814733787512363}