{"minimum": 4.728278948061548e-09, "maximum": 0.0005798862497988877}