{"minimum": 1.9802951117114942e-07, "maximum": 0.010535995907409912}