SystemId,threshold,maxTPR,PPV,total
tromso-gw5,0.04,1.0,0.1977061714909885,1831
teknobyen-gw1,0.04,1.0,0.1970310391363023,2223
hoytek-gw2,0.04,1.0,0.0520628683693516,1018
bergen-gw3,0.04,1.0,0.1280864197530864,3888
trd-gw,0.04,1.0,0.0894533406957482,3622
ifi2-gw5,0.04,1.0,0.0776595744680851,2820