SystemId,threshold,maxTPR,PPV,total
tromso-gw5,0.04,1.0,0.0118085767557489,3218
teknobyen-gw1,0.04,1.0,0.0374300029472443,3393
hoytek-gw2,0.04,1.0,0.0012881064834693,2329
bergen-gw3,0.99,1.0,0.0516129032258064,4274
trd-gw,0.04,1.0,0.0038387715930902,4168
ifi2-gw5,0.04,1.0,0.0013491635186184,3706