SystemId,threshold,maxTPR
tromso-gw5,0.0141312935,1.0
bergen-gw3,0.0036511197,1.0
trd-gw,0.0096406105,1.0
ifi2-gw5,0.0063431824,1.0