SystemId,threshold,maxTPR
tromso-gw5,0.1294485278,1.0
bergen-gw3,0.034804303,1.0
trd-gw,0.0014956928,1.0
ifi2-gw5,5.11101e-05,1.0