SystemId,threshold,maxTPR
tromso-gw5,0.0589231672,0.8
teknobyen-gw1,0.0081900509,0.8181818181818182
hoytek-gw2,0.0041237805,0.8181818181818182
bergen-gw3,0.0404274273,0.8095238095238095
trd-gw,0.0045470895,0.8095238095238095
ifi2-gw5,0.0231414387,0.8095238095238095