SystemId,threshold,maxTPR
tromso-gw5,0.0020477461,0.8
teknobyen-gw1,0.0091755914,0.8181818181818182
hoytek-gw2,6.342e-07,0.8181818181818182
bergen-gw3,1.02394e-05,0.8095238095238095
trd-gw,2.4822e-06,0.8095238095238095
ifi2-gw5,1.11e-08,0.8095238095238095