SystemId,threshold,maxTPR
tromso-gw5,0.2686605606,1.0
bergen-gw3,0.0073714114,1.0
trd-gw,0.0366717242,1.0
ifi2-gw5,0.1850725282,1.0