SystemId,threshold,maxTPR
tromso-gw5,0.000556662,0.9411764705882352
teknobyen-gw1,0.0007443822,0.9473684210526316
hoytek-gw2,1.828e-07,0.9473684210526316
bergen-gw3,4.821e-07,0.9444444444444444
trd-gw,1.44e-07,0.9444444444444444
ifi2-gw5,1.0482e-06,0.9444444444444444