SystemId,threshold,maxTPR
tromso-gw5,0.0005426818,0.9411764705882352
teknobyen-gw1,0.0007397461,0.9473684210526316
hoytek-gw2,1.535e-07,0.9473684210526316
bergen-gw3,2.609e-07,0.9444444444444444
trd-gw,1.444e-07,0.9444444444444444
ifi2-gw5,3.775e-07,0.9444444444444444