SystemId,threshold,maxTPR
tromso-gw5,0.0050251892,0.9411764705882352
teknobyen-gw1,0.0001319577,0.9473684210526316
hoytek-gw2,1.2858e-06,0.9473684210526316
bergen-gw3,4.9892e-06,0.9444444444444444
trd-gw,2.5158e-06,0.9444444444444444
ifi2-gw5,2.233e-07,0.9444444444444444