SystemId,threshold,maxTPR
tromso-gw5,0.0001609235,0.9411764705882352
teknobyen-gw1,0.0001440551,0.9473684210526316
hoytek-gw2,3.7464e-06,0.9473684210526316
bergen-gw3,1.45875e-05,0.9444444444444444
trd-gw,6.857e-07,0.9444444444444444
ifi2-gw5,6.323e-07,0.9444444444444444