SystemId,threshold,maxTPR
tromso-gw5,8.8296e-05,0.9411764705882352
teknobyen-gw1,8.16394e-05,0.9473684210526316
hoytek-gw2,1.34206e-05,0.9473684210526316
bergen-gw3,3.95655e-05,0.9444444444444444
trd-gw,2.86955e-05,0.9444444444444444
ifi2-gw5,0.0001354623,0.9444444444444444