SystemId,threshold,maxTPR
tromso-gw5,0.0001146994,0.9411764705882352
teknobyen-gw1,0.0001084401,0.9473684210526316
hoytek-gw2,5.427e-07,0.9473684210526316
bergen-gw3,2.88e-07,0.9444444444444444
trd-gw,4.622e-07,0.9444444444444444
ifi2-gw5,1.97e-08,0.9444444444444444