SystemId,threshold,maxTPR,PPV,total
tromso-gw5,0.3333333333,0.9411764705882352,0.1066666666666666,156
teknobyen-gw1,0.6666666666,0.9473684210526316,0.119205298013245,156
hoytek-gw2,8.3333333333,0.9473684210526316,0.1216216216216216,156
bergen-gw3,3.3333333333,0.9444444444444444,0.1140939597315436,156
trd-gw,72.3333333333,0.9444444444444444,0.1240875912408759,156
ifi2-gw5,16.5555555555,0.9444444444444444,0.1096774193548387,156