SystemId,threshold,maxTPR
tromso-gw5,0.4497923445,0.8
teknobyen-gw1,0.1065236473,0.8181818181818182
hoytek-gw2,0.0132607788,0.8181818181818182
bergen-gw3,0.0235822759,0.8095238095238095
trd-gw,0.0601791284,0.8095238095238095
ifi2-gw5,0.0559242162,0.8095238095238095