SystemId,threshold,maxTPR
tromso-gw5,0.0009368103,0.8
teknobyen-gw1,0.0007051398,0.8181818181818182
hoytek-gw2,3.212e-07,0.8181818181818182
bergen-gw3,1.744e-06,0.8095238095238095
trd-gw,3.0624e-06,0.8095238095238095
ifi2-gw5,9.921e-07,0.8095238095238095