SystemId,threshold,maxTPR
tromso-gw5,0.5155615491,0.9411764705882352
teknobyen-gw1,0.0299076857,0.9473684210526316
hoytek-gw2,0.0046632722,0.9473684210526316
bergen-gw3,0.0144708263,0.9444444444444444
trd-gw,0.0109644384,0.9444444444444444
ifi2-gw5,0.1996751032,0.9444444444444444