SystemId,threshold,maxTPR
tromso-gw5,0.0141312935,1.0
bergen-gw3,0.0493111182,1.0
trd-gw,0.0096406766,1.0
ifi2-gw5,0.1527518541,1.0