SystemId,threshold,maxTPR
tromso-gw5,0.4600353409,0.4285714285714285
bergen-gw3,0.0182411891,0.6666666666666666
trd-gw,0.0270284229,0.6
ifi2-gw5,0.0044157121,0.6363636363636364