SystemId,threshold,maxTPR
tromso-gw5,0.0886701578,0.9411764705882352
teknobyen-gw1,0.0118298322,0.9473684210526316
hoytek-gw2,0.0046390808,0.9473684210526316
bergen-gw3,0.0452964133,0.9444444444444444
trd-gw,0.0190314974,0.9444444444444444
ifi2-gw5,0.0317809556,0.9444444444444444