SystemId,threshold,maxTPR,PPV,total
tromso-gw5,1.85607e-05,0.8,0.0969696969696969,169
teknobyen-gw1,7.4836e-05,0.8181818181818182,0.1125,169
hoytek-gw2,1.77371e-05,0.8181818181818182,0.1224489795918367,169
bergen-gw3,2.09384e-05,0.8095238095238095,0.1049382716049382,169
trd-gw,1.8552e-06,0.8095238095238095,0.1036585365853658,169
ifi2-gw5,1.50311e-05,0.8095238095238095,0.1111111111111111,169