SystemId,threshold,maxTPR,PPV,total
tromso-gw5,13183.4444444444,0.9411764705882352,0.1059602649006622,161
teknobyen-gw1,15833.1111111111,0.9473684210526316,0.1168831168831168,161
hoytek-gw2,8984036.0,0.9473684210526316,0.1241379310344827,161
bergen-gw3,99554939.11111116,0.9444444444444444,0.140495867768595,161
trd-gw,21320063.88888884,0.9444444444444444,0.10828025477707,161
ifi2-gw5,42079066.0,0.9444444444444444,0.1156462585034013,161