SystemId,threshold,maxTPR
tromso-gw5,4.2222222222,0.8
teknobyen-gw1,0.4444444444,0.8181818181818182
hoytek-gw2,91.8888888888,0.8181818181818182
bergen-gw3,592.7777777777,0.8095238095238095
trd-gw,409.1111111111,0.8095238095238095
ifi2-gw5,36.3333333333,0.8095238095238095