SystemId,threshold,maxTPR
tromso-gw5,0.5155615414,0.9411764705882352
teknobyen-gw1,0.029903214,0.9473684210526316
hoytek-gw2,0.002037286,0.9473684210526316
bergen-gw3,0.0208164605,0.9444444444444444
trd-gw,0.026523141,0.9444444444444444
ifi2-gw5,0.1997286598,0.9444444444444444