SystemId,threshold,maxTPR
tromso-gw5,149342.2222222222,0.8
teknobyen-gw1,1169.2222222222,0.8181818181818182
hoytek-gw2,454440.222222209,0.8181818181818182
bergen-gw3,32458716.0,0.8095238095238095
trd-gw,7886435.888888835,0.8095238095238095
ifi2-gw5,91651780.11111116,0.8095238095238095