SystemId,threshold,maxTPR
tromso-gw5,0.0698573542,0.9411764705882352
teknobyen-gw1,0.0092879977,0.9473684210526316
hoytek-gw2,0.0056540348,0.9473684210526316
bergen-gw3,0.0021232436,0.9444444444444444
trd-gw,0.0275969576,0.9444444444444444
ifi2-gw5,0.091169162,0.9444444444444444