SystemId,threshold,maxTPR
tromso-gw5,141.1111111111,0.8
teknobyen-gw1,50.2222222222,0.8181818181818182
hoytek-gw2,808.8888888888,0.8181818181818182
bergen-gw3,11266.111111111,0.8095238095238095
trd-gw,40163.2222222222,0.8095238095238095
ifi2-gw5,16229.8888888889,0.8095238095238095