SystemId,threshold,maxTPR
tromso-gw5,0.136581551,1.0
bergen-gw3,0.0139490155,1.0
trd-gw,0.0003325375,1.0
ifi2-gw5,0.0002688029,1.0