SystemId,threshold,maxTPR
tromso-gw5,6.41732e-05,0.9411764705882352
teknobyen-gw1,0.0001603959,0.9473684210526316
hoytek-gw2,2.1332e-06,0.9473684210526316
bergen-gw3,2.15416e-05,0.9444444444444444
trd-gw,4.94252e-05,0.9444444444444444
ifi2-gw5,4.099e-07,0.9444444444444444