SystemId,threshold,maxTPR
tromso-gw5,0.0091308029,0.9411764705882352
teknobyen-gw1,0.0011338143,0.9473684210526316
hoytek-gw2,5.818e-07,0.9473684210526316
bergen-gw3,5.872e-07,0.9444444444444444
trd-gw,3.066e-07,0.9444444444444444
ifi2-gw5,1.3131e-06,0.9444444444444444