SystemId,threshold,maxTPR
tromso-gw5,38217.2222222222,0.9411764705882352
teknobyen-gw1,2985.6666666666,0.9473684210526316
hoytek-gw2,174448.555555582,0.9473684210526316
bergen-gw3,58934488.55555534,0.9444444444444444
trd-gw,8996863.0,0.9444444444444444
ifi2-gw5,35944747.33333397,0.8888888888888888