SystemId,threshold,maxTPR
tromso-gw5,0.5555555555,0.9411764705882352
teknobyen-gw1,0.7777777777,0.9473684210526316
hoytek-gw2,613.4444444444,0.9473684210526316
bergen-gw3,706.6666666666,0.9444444444444444
trd-gw,1753.1111111111,0.9444444444444444
ifi2-gw5,992.3333333333,0.9444444444444444