SystemId,threshold,maxTPR
tromso-gw5,0.0001105071,0.9411764705882352
teknobyen-gw1,8.55889e-05,0.9473684210526316
hoytek-gw2,3.357e-07,0.9473684210526316
bergen-gw3,1.4e-09,0.9444444444444444
trd-gw,1.434e-07,0.9444444444444444
ifi2-gw5,8.41e-08,0.9444444444444444