SystemId,threshold,maxTPR
tromso-gw5,72.6666666666,0.9411764705882352
teknobyen-gw1,26.1111111111,0.9473684210526316
hoytek-gw2,4297.5555555555,0.9473684210526316
bergen-gw3,72674.222222222,0.9444444444444444
trd-gw,41760.333333333,0.9444444444444444
ifi2-gw5,21376.7777777779,0.9444444444444444