SystemId,threshold,maxTPR,PPV,total
tromso-gw5,0.1294485278,1.0,0.0545454545454545,155
bergen-gw3,0.034804303,1.0,0.0975609756097561,155
trd-gw,0.0014956928,1.0,0.0437956204379562,155
ifi2-gw5,5.11101e-05,1.0,0.0454545454545454,155