SystemId,threshold,maxTPR
tromso-gw5,0.0008468575,0.8
teknobyen-gw1,0.0010034217,0.8181818181818182
hoytek-gw2,1.49e-08,0.8181818181818182
bergen-gw3,5.39e-08,0.8095238095238095
trd-gw,2.474e-07,0.8095238095238095
ifi2-gw5,9.61e-08,0.8095238095238095