SystemId,threshold,maxTPR
tromso-gw5,0.1111111111,0.8
teknobyen-gw1,1.3333333333,0.8181818181818182
hoytek-gw2,49.0,0.8181818181818182
bergen-gw3,15.4444444444,0.8095238095238095
trd-gw,23.7777777777,0.8095238095238095
ifi2-gw5,83.7777777777,0.8095238095238095