SystemId,threshold,maxTPR
tromso-gw5,102.5555555555,0.9411764705882352
teknobyen-gw1,27.3333333333,0.9473684210526316
hoytek-gw2,2701.5555555555,0.9473684210526316
bergen-gw3,107452.3333333334,0.9444444444444444
trd-gw,43118.444444444,0.9444444444444444
ifi2-gw5,150099.0,0.9444444444444444