SystemId,threshold,maxTPR
tromso-gw5,0.0698573542,0.9411764705882352
teknobyen-gw1,0.0092908719,0.9473684210526316
hoytek-gw2,0.0052876577,0.9473684210526316
bergen-gw3,0.0171458905,0.9444444444444444
trd-gw,0.0026325801,0.9444444444444444
ifi2-gw5,0.0036151506,0.9444444444444444