SystemId,threshold,maxTPR
tromso-gw5,0.4497923447,0.8
teknobyen-gw1,0.1065078467,0.8181818181818182
hoytek-gw2,0.0199469176,0.8181818181818182
bergen-gw3,0.0320940465,0.8095238095238095
trd-gw,0.0651469782,0.8095238095238095
ifi2-gw5,0.0564446515,0.8095238095238095