SystemId,threshold,maxTPR,PPV,total
tromso-gw5,0.2686605606,1.0,0.0389610389610389,160
bergen-gw3,0.0073714114,1.0,0.0509554140127388,160
trd-gw,0.0366717242,1.0,0.054054054054054,160
ifi2-gw5,0.1850725282,1.0,0.0736842105263157,160