SystemId,threshold,maxTPR
tromso-gw5,0.5555555555,0.9411764705882352
teknobyen-gw1,1.3333333333,0.9473684210526316
hoytek-gw2,52.2222222222,0.9473684210526316
bergen-gw3,67.1111111111,0.9444444444444444
trd-gw,424.4444444444,0.9444444444444444
ifi2-gw5,46.4444444444,0.9444444444444444