SystemId,threshold,maxTPR
tromso-gw5,0.0163856926,0.9411764705882352
teknobyen-gw1,0.022704484,0.9473684210526316
hoytek-gw2,0.0056480632,0.9473684210526316
bergen-gw3,0.0428207827,0.9444444444444444
trd-gw,0.0924419753,0.9444444444444444
ifi2-gw5,0.010421047,0.9444444444444444