SystemId,threshold,maxTPR
tromso-gw5,0.0002095672,0.9411764705882352
teknobyen-gw1,8.3306e-06,0.9473684210526316
hoytek-gw2,2.219e-06,0.9473684210526316
bergen-gw3,1.77703e-05,0.9444444444444444
trd-gw,2.0005e-06,0.9444444444444444
ifi2-gw5,4.3623e-06,0.9444444444444444