SystemId,threshold,maxTPR
tromso-gw5,0.0004556268,0.8
teknobyen-gw1,0.0014620172,0.8181818181818182
hoytek-gw2,1.05163e-05,0.8181818181818182
bergen-gw3,2.35096e-05,0.8095238095238095
trd-gw,3.85093e-05,0.8095238095238095
ifi2-gw5,1.06461e-05,0.8095238095238095