SystemId,threshold,maxTPR
tromso-gw5,0.0859786556,0.9411764705882352
teknobyen-gw1,0.0258903309,0.9473684210526316
hoytek-gw2,0.0028797969,0.9473684210526316
bergen-gw3,0.0337849697,0.9444444444444444
trd-gw,0.0027787471,0.9444444444444444
ifi2-gw5,0.0064345318,0.9444444444444444