SystemId,threshold,maxTPR
tromso-gw5,0.0594242508,0.9411764705882352
teknobyen-gw1,0.0755658009,0.9473684210526316
hoytek-gw2,0.0036481812,0.9473684210526316
bergen-gw3,0.0210155244,0.9444444444444444
trd-gw,0.0099604383,0.9444444444444444
ifi2-gw5,0.0003878355,0.9444444444444444