SystemId,threshold,maxTPR
tromso-gw5,0.1396344853,0.4285714285714285
bergen-gw3,0.0094578019,0.6666666666666666
trd-gw,0.0020278538,0.6
ifi2-gw5,9.99024e-05,0.6363636363636364