SystemId,threshold,maxTPR
tromso-gw5,0.2686605606,1.0
bergen-gw3,0.0244839261,1.0
trd-gw,0.0366717423,1.0
ifi2-gw5,0.0139055505,1.0