SystemId,threshold,maxTPR
tromso-gw5,0.0414443918,0.8
teknobyen-gw1,0.0271802579,0.8181818181818182
hoytek-gw2,0.0130521897,0.8181818181818182
bergen-gw3,0.1492442686,0.8095238095238095
trd-gw,0.051202561,0.8095238095238095
ifi2-gw5,0.0230629755,0.8095238095238095