SystemId,threshold,maxTPR
tromso-gw5,0.4600353409,0.4285714285714285
bergen-gw3,0.0058664192,0.6666666666666666
trd-gw,0.0270284373,0.6
ifi2-gw5,0.0081619565,0.6363636363636364