SystemId,threshold,maxF1,PPV,total
tromso-gw5,0.99,0.0704225352112676,0.0377358490566037,10028
teknobyen-gw1,0.94,0.1538461538461538,0.0935960591133004,9912
hoytek-gw2,0.54,0.0018587360594795,0.0009310986964618,7683
bergen-gw3,0.99,0.003454231433506,0.0017513134851138,12510
trd-gw,0.99,0.0034013605442176,0.0017241379310344,12839
ifi2-gw5,0.94,0.0025608194622279,0.0012886597938144,11793