SystemId,threshold,maxF1,PPV,total
tromso-gw5,6.4691e-05,0.7138810198300283,0.5753424657534246,228
teknobyen-gw1,0.0032727745,0.7388888888888889,0.6073059360730594,228
hoytek-gw2,0.0031224321,0.5686274509803921,0.4027777777777778,223
bergen-gw3,0.0002298518,0.6647058823529411,0.5136363636363637,227
trd-gw,0.0296893283,0.7100591715976331,0.5687203791469194,225
ifi2-gw5,0.0098614693,0.6994219653179191,0.55,225