SystemId,threshold,maxF1,PPV,total
tromso-gw5,0.0001037165,0.6994219653179191,0.5627906976744186,225
teknobyen-gw1,0.0021130841,0.7252124645892352,0.5953488372093023,225
hoytek-gw2,0.0009303709,0.5704918032786885,0.4046511627906977,218
bergen-gw3,0.0023275938,0.6486486486486487,0.5023255813953489,225
trd-gw,0.0034157855,0.6842105263157895,0.5441860465116279,225
ifi2-gw5,0.0119662898,0.6882352941176471,0.5467289719626168,224