SystemId,threshold,maxTPR
tromso-gw5,0.0138844068,0.9565217391304348
bergen-gw3,0.0004891073,0.9285714285714286
trd-gw,9.40171e-05,0.9493670886075948
ifi2-gw5,0.0001894944,0.9523809523809524