SystemId,threshold,maxTPR
tromso-gw5,10.8888888888,0.9776119402985076
teknobyen-gw1,2.7777777777,0.9787234042553192
hoytek-gw2,165.8888888888,0.9888888888888888
bergen-gw3,707.3333333333,0.9833333333333332
trd-gw,31541.1111111111,0.9921259842519684
ifi2-gw5,1293.6666666665,0.992063492063492