SystemId,threshold,maxTPR
tromso-gw5,3.855e-07,0.9402985074626866
teknobyen-gw1,5.7986e-06,0.9432624113475178
hoytek-gw2,9.1e-09,0.9666666666666668
bergen-gw3,1.7251e-06,0.9416666666666668
trd-gw,1.563e-07,0.9606299212598424
ifi2-gw5,1.693e-07,0.9603174603174603