SystemId,threshold,maxTPR
tromso-gw5,5.213e-07,0.9776119402985076
teknobyen-gw1,0.0001190689,0.9787234042553192
hoytek-gw2,5.844e-07,0.9888888888888888
bergen-gw3,1.07e-08,0.9833333333333332
trd-gw,1.1285e-06,0.9921259842519684
ifi2-gw5,1.32e-08,0.992063492063492