SystemId,threshold,maxTPR,PPV,total
tromso-gw5,0.0001037165,0.9236641221374046,0.5627906976744186,225
teknobyen-gw1,0.0021130841,0.927536231884058,0.5953488372093023,225
hoytek-gw2,0.0009303709,0.9666666666666668,0.4046511627906977,218
bergen-gw3,0.0023275938,0.9152542372881356,0.5023255813953489,225
trd-gw,0.0034157855,0.9212598425196852,0.5441860465116279,225
ifi2-gw5,0.0119662898,0.9285714285714286,0.5467289719626168,224