SystemId,threshold,maxTPR
tromso-gw5,3.3075e-06,0.9236641221374046
teknobyen-gw1,7.3082e-06,0.927536231884058
hoytek-gw2,2.55527e-05,0.9666666666666668
bergen-gw3,2.7405e-06,0.9152542372881356
trd-gw,2.99134e-05,0.9212598425196852
ifi2-gw5,1.774e-06,0.9285714285714286