SystemId,threshold,maxTPR
tromso-gw5,3.203e-07,0.9776119402985076
teknobyen-gw1,5.63395e-05,0.9787234042553192
hoytek-gw2,9.923e-07,0.9888888888888888
bergen-gw3,3.4569e-06,0.9833333333333332
trd-gw,1.23921e-05,0.9921259842519684
ifi2-gw5,2.012e-07,0.992063492063492