SystemId,threshold,maxTPR
tromso-gw5,5336.6666666666,0.9776119402985076
teknobyen-gw1,7340.7777777777,0.9716312056737588
hoytek-gw2,1383530.8888888955,0.9888888888888888
bergen-gw3,703195.555555582,0.9833333333333332
trd-gw,44843515.22222221,0.984251968503937
ifi2-gw5,2444361.333333254,0.992063492063492