SystemId,threshold,maxTPR
tromso-gw5,2.9024e-06,0.9402985074626866
teknobyen-gw1,5.9605e-06,0.9432624113475178
hoytek-gw2,5.881e-07,0.9666666666666668
bergen-gw3,1.227e-07,0.9416666666666668
trd-gw,2.6812e-06,0.9606299212598424
ifi2-gw5,1.1385e-06,0.9603174603174603