SystemId,threshold,maxTPR
tromso-gw5,0.0606804777,1.0
bergen-gw3,0.0014573401,0.8795180722891566
trd-gw,0.0003013694,0.8860759493670886
ifi2-gw5,0.0004001221,0.9047619047619048