SystemId,threshold,maxTPR
tromso-gw5,0.2222222222,0.9402985074626866
teknobyen-gw1,0.4444444444,0.9361702127659576
hoytek-gw2,49.2222222222,0.9666666666666668
bergen-gw3,67.3333333333,0.9416666666666668
trd-gw,1491.6666666666,0.9606299212598424
ifi2-gw5,17.5555555555,0.9603174603174603