SystemId,threshold,maxTPR
tromso-gw5,0.1206160243,1.0
bergen-gw3,0.0021614309,0.8795180722891566
trd-gw,0.0002372324,0.8860759493670886
ifi2-gw5,0.0011867872,0.9047619047619048