SystemId,threshold,maxTPR
tromso-gw5,3.62e-08,0.9402985074626866
teknobyen-gw1,3.52315e-05,0.9432624113475178
hoytek-gw2,2.436e-07,0.9666666666666668
bergen-gw3,3.143e-07,0.9416666666666668
trd-gw,1.273e-07,0.9606299212598424
ifi2-gw5,6.51e-08,0.9603174603174603