SystemId,threshold,maxTPR,PPV,total
tromso-gw5,0.1111111111,0.900763358778626,0.5566037735849056,225
teknobyen-gw1,0.1111111111,0.927536231884058,0.5953488372093023,225
hoytek-gw2,7.8888888888,0.9666666666666668,0.4046511627906977,218
bergen-gw3,289.7777777777,0.9152542372881356,0.5023255813953489,225
trd-gw,2447.4444444444,0.9212598425196852,0.5441860465116279,225
ifi2-gw5,250.8888888888,0.9285714285714286,0.5441860465116279,224