SystemId,threshold,maxTPR
tromso-gw5,9.80234e-05,0.9402985074626866
teknobyen-gw1,4.7839e-06,0.9432624113475178
hoytek-gw2,0.0021666172,0.9666666666666668
bergen-gw3,0.0191853642,0.9416666666666668
trd-gw,0.0196304335,0.9606299212598424
ifi2-gw5,0.0075377264,0.9603174603174603