SystemId,threshold,maxTPR
tromso-gw5,6.4e-09,0.9402985074626866
teknobyen-gw1,3.25973e-05,0.9432624113475178
hoytek-gw2,4.383e-07,0.9666666666666668
bergen-gw3,4.308e-07,0.9416666666666668
trd-gw,1.6e-09,0.9606299212598424
ifi2-gw5,3.2e-09,0.9603174603174603