SystemId,threshold,maxTPR
tromso-gw5,0.01945985,0.9565217391304348
bergen-gw3,0.0004037192,0.988095238095238
trd-gw,2.01142e-05,1.0
ifi2-gw5,0.0002297022,1.0