SystemId,threshold,maxTPR
tromso-gw5,0.1111111111,0.9402985074626866
teknobyen-gw1,0.1111111111,0.9432624113475178
hoytek-gw2,1.5555555555,0.9666666666666668
bergen-gw3,0.5555555555,0.9416666666666668
trd-gw,0.8888888888,0.9606299212598424
ifi2-gw5,0.6666666666,0.9603174603174603