SystemId,threshold,maxTPR,PPV,total
tromso-gw5,1.43829e-05,0.9776119402985076,0.5822222222222222,228
teknobyen-gw1,0.0001052463,0.9787234042553192,0.6160714285714286,228
hoytek-gw2,0.0007557454,0.9888888888888888,0.3991031390134529,226
bergen-gw3,0.0020300173,0.9833333333333332,0.5244444444444445,227
trd-gw,0.0069225298,0.9921259842519684,0.56,226
ifi2-gw5,0.002094928,0.992063492063492,0.5605381165919282,226