SystemId,threshold,maxTPR
tromso-gw5,1.4163e-06,0.9776119402985076
teknobyen-gw1,2.3472e-06,0.9787234042553192
hoytek-gw2,4.072e-07,0.9888888888888888
bergen-gw3,3.736e-07,0.9833333333333332
trd-gw,1.088e-07,0.9921259842519684
ifi2-gw5,4.947e-07,0.992063492063492