SystemId,threshold,maxTPR
tromso-gw5,5.333e-07,0.9236641221374046
teknobyen-gw1,1.6572e-06,0.927536231884058
hoytek-gw2,2.1605e-06,0.9666666666666668
bergen-gw3,1.207e-06,0.9152542372881356
trd-gw,2.2e-08,0.9212598425196852
ifi2-gw5,3.3918e-06,0.9285714285714286