SystemId,threshold,maxTPR
tromso-gw5,0.0001037165,0.9236641221374046
teknobyen-gw1,0.000390811,0.927536231884058
hoytek-gw2,0.0007180228,0.9666666666666668
bergen-gw3,0.0003007955,0.9152542372881356
trd-gw,0.0076546451,0.9212598425196852
ifi2-gw5,0.003273827,0.9285714285714286