SystemId,threshold,maxTPR
tromso-gw5,8.892e-07,0.9402985074626866
teknobyen-gw1,1.10182e-05,0.9432624113475178
hoytek-gw2,3.1368e-06,0.9666666666666668
bergen-gw3,1.1093e-06,0.9416666666666668
trd-gw,1.2941e-05,0.9606299212598424
ifi2-gw5,2.6463e-06,0.9603174603174603