SystemId,threshold,maxTPR
tromso-gw5,0.0001037165,0.9236641221374046
teknobyen-gw1,0.0021125845,0.927536231884058
hoytek-gw2,4.97628e-05,0.9666666666666668
bergen-gw3,0.0023275938,0.9152542372881356
trd-gw,0.0043242649,0.9212598425196852
ifi2-gw5,0.0119950906,0.9285714285714286