SystemId,threshold,maxTPR
tromso-gw5,0.1063131885,0.9565217391304348
bergen-gw3,0.0152935153,0.988095238095238
trd-gw,0.0013970431,1.0
ifi2-gw5,0.0008668982,1.0