SystemId,threshold,maxTPR
tromso-gw5,5.58023e-05,0.9776119402985076
teknobyen-gw1,0.00632204,0.9787234042553192
hoytek-gw2,0.0035556066,0.9888888888888888
bergen-gw3,0.0017716515,0.9833333333333332
trd-gw,0.0207194688,0.9921259842519684
ifi2-gw5,0.0023033035,0.992063492063492