SystemId,threshold,maxTPR
tromso-gw5,0.1111111111,0.9701492537313432
teknobyen-gw1,0.1111111111,0.9787234042553192
hoytek-gw2,2.7777777777,0.9888888888888888
bergen-gw3,0.5555555555,0.9833333333333332
trd-gw,1.7777777777,0.9921259842519684
ifi2-gw5,5.7777777777,0.992063492063492