SystemId,threshold,maxTPR
tromso-gw5,0.0001037165,0.9236641221374046
teknobyen-gw1,0.0021130841,0.927536231884058
hoytek-gw2,0.0009303709,0.9666666666666668
bergen-gw3,0.0023275938,0.9152542372881356
trd-gw,0.0034157855,0.9212598425196852
ifi2-gw5,0.0119662898,0.9285714285714286