SystemId,threshold,maxTPR
tromso-gw5,3.0701e-06,0.9236641221374046
teknobyen-gw1,0.0001179761,0.927536231884058
hoytek-gw2,0.0009922869,0.9666666666666668
bergen-gw3,0.0014965928,0.9152542372881356
trd-gw,0.0026804224,0.9212598425196852
ifi2-gw5,0.0002858008,0.9285714285714286