SystemId,threshold,maxTPR
tromso-gw5,0.1111111111,0.9776119402985076
teknobyen-gw1,0.1111111111,0.9787234042553192
hoytek-gw2,6.8888888888,0.9888888888888888
bergen-gw3,4.2222222222,0.9833333333333332
trd-gw,684.3333333333,0.9921259842519684
ifi2-gw5,16.5555555555,0.992063492063492