SystemId,threshold,maxTPR,PPV,total
tromso-gw5,78.6666666666,0.9328358208955224,0.5868544600938967,228
teknobyen-gw1,104.1111111111,0.9432624113475178,0.6157407407407407,228
hoytek-gw2,51.1111111111,0.9666666666666668,0.3954545454545454,223
bergen-gw3,4321.2222222222,0.9333333333333332,0.5161290322580645,227
trd-gw,658.8888888889,0.9606299212598424,0.5545454545454546,225
ifi2-gw5,6548.111111111,0.9603174603174603,0.5576036866359447,225