SystemId,threshold,maxTPR
tromso-gw5,2.817e-07,0.9776119402985076
teknobyen-gw1,5.1887e-06,0.9787234042553192
hoytek-gw2,3.40344e-05,0.9888888888888888
bergen-gw3,2.3878e-06,0.9833333333333332
trd-gw,0.0001215429,0.9921259842519684
ifi2-gw5,3.09979e-05,0.992063492063492