SystemId,threshold,maxTPR
tromso-gw5,1.99e-08,0.9236641221374046
teknobyen-gw1,9.771e-06,0.927536231884058
hoytek-gw2,1.548e-07,0.9666666666666668
bergen-gw3,9.9e-08,0.9152542372881356
trd-gw,3.78e-08,0.9212598425196852
ifi2-gw5,7.7e-09,0.9285714285714286