SystemId,threshold,maxTPR
tromso-gw5,16.7777777777,0.9236641221374046
teknobyen-gw1,59.3333333333,0.927536231884058
hoytek-gw2,1523.8888888889,0.9666666666666668
bergen-gw3,8920.5555555559,0.9152542372881356
trd-gw,12465.6666666669,0.9212598425196852
ifi2-gw5,740.6666666669,0.9285714285714286