SystemId,threshold,maxTPR
tromso-gw5,13734.7777777777,0.9402985074626866
teknobyen-gw1,6064.1111111111,0.9432624113475178
hoytek-gw2,318789.555555582,0.9666666666666668
bergen-gw3,208060.6666667461,0.9416666666666668
trd-gw,15776304.111111164,0.9606299212598424
ifi2-gw5,6265303.444444656,0.9603174603174603