SystemId,threshold,maxTPR
tromso-gw5,7.224e-07,0.9776119402985076
teknobyen-gw1,0.0002513851,0.9787234042553192
hoytek-gw2,2.689e-07,0.9888888888888888
bergen-gw3,1.573e-07,0.9833333333333332
trd-gw,7.811e-07,0.9921259842519684
ifi2-gw5,1.26e-08,0.992063492063492