SystemId,threshold,maxTPR
tromso-gw5,0.1091326949,0.9565217391304348
bergen-gw3,0.0047012326,0.9285714285714286
trd-gw,0.0004858282,0.9493670886075948
ifi2-gw5,0.0003308611,0.9523809523809524