SystemId,threshold,maxTPR,PPV,total
tromso-gw5,8.974e-07,0.9236641221374046,0.5654205607476636,225
teknobyen-gw1,7.932e-07,0.927536231884058,0.5953488372093023,225
hoytek-gw2,1.862e-07,0.9666666666666668,0.4046511627906977,218
bergen-gw3,1.677e-07,0.9152542372881356,0.5023255813953489,225
trd-gw,7.59e-08,0.9212598425196852,0.5441860465116279,225
ifi2-gw5,4.34e-08,0.9285714285714286,0.5467289719626168,224