SystemId,threshold,maxTPR
tromso-gw5,1.99e-08,0.9236641221374046
teknobyen-gw1,2.1838e-06,0.927536231884058
hoytek-gw2,4.231e-07,0.9666666666666668
bergen-gw3,2.913e-07,0.9152542372881356
trd-gw,1.313e-07,0.9212598425196852
ifi2-gw5,3.47e-08,0.9285714285714286