SystemId,threshold,maxTPR
tromso-gw5,0.2222222222,1.0
teknobyen-gw1,2.7777777777,1.0
hoytek-gw2,22.7777777777,1.0
bergen-gw3,1.6666666666,1.0
trd-gw,21.4444444444,1.0
ifi2-gw5,203.4444444444,1.0