SystemId,threshold,maxTPR
tromso-gw5,1.7777777777,1.0
teknobyen-gw1,0.8888888888,1.0
hoytek-gw2,928.3333333333,1.0
bergen-gw3,2909.4444444444,1.0
trd-gw,13680.6666666666,1.0
ifi2-gw5,618.3333333333,1.0