SystemId,threshold,maxTPR
tromso-gw5,0.0062108446,1.0
bergen-gw3,0.1031337324,1.0
trd-gw,0.3017254207,1.0
ifi2-gw5,0.2620307171,1.0