SystemId,threshold,maxTPR
tromso-gw5,122.6666666666,1.0
teknobyen-gw1,2543.1111111111,1.0
hoytek-gw2,6096.8888888889,1.0
bergen-gw3,64789.333333333,1.0
trd-gw,4622.7777777779,1.0
ifi2-gw5,124365.222222222,1.0