SystemId,threshold,maxTPR
tromso-gw5,50721.2222222222,1.0
teknobyen-gw1,131.8888888888,1.0
hoytek-gw2,11134756.333333312,1.0
bergen-gw3,10167646.777777793,1.0
trd-gw,3915742.222222209,1.0
ifi2-gw5,9512373.111111164,1.0