SystemId,threshold,maxTPR
tromso-gw5,0.0511027773,1.0
teknobyen-gw1,0.1931043406,1.0
hoytek-gw2,0.0164980249,1.0
bergen-gw3,0.0290515383,1.0
trd-gw,0.1870056893,1.0
ifi2-gw5,0.0152314168,1.0