SystemId,threshold,maxTPR,PPV,total
tromso-gw5,0.0002267129,1.0,0.0299003322259136,695
teknobyen-gw1,0.0002164479,1.0,0.0304487179487179,695
hoytek-gw2,3.658e-07,1.0,0.0235294117647058,695
bergen-gw3,1.7105e-06,1.0,0.0262725779967159,695
trd-gw,1.0217e-06,1.0,0.0268006700167504,695
ifi2-gw5,4.74e-08,1.0,0.0271084337349397,695