SystemId,threshold,maxTPR
tromso-gw5,0.2068214788,1.0
teknobyen-gw1,0.0509574112,1.0
hoytek-gw2,0.0155837126,1.0
bergen-gw3,0.0555131767,1.0
trd-gw,0.0076735823,1.0
ifi2-gw5,0.0025257868,1.0