SystemId,threshold,maxTPR
tromso-gw5,1.1799331296,1.0
bergen-gw3,0.5281117243,1.0
trd-gw,2.1660770992,1.0
ifi2-gw5,0.3502062497,1.0