SystemId,threshold,maxTPR
tromso-gw5,188.2222222222,1.0
teknobyen-gw1,7.2222222222,1.0
hoytek-gw2,3053.3333333333,1.0
bergen-gw3,8981.111111111,1.0
trd-gw,1840.5555555555,1.0
ifi2-gw5,14369.4444444444,1.0