SystemId,threshold,maxTPR
tromso-gw5,0.0678846474,1.0
teknobyen-gw1,0.0166039849,1.0
hoytek-gw2,0.0097363134,1.0
bergen-gw3,0.0132611133,1.0
trd-gw,0.0013715337,1.0
ifi2-gw5,0.0055672293,1.0