SystemId,threshold,maxTPR
tromso-gw5,0.0068017477,1.0
bergen-gw3,0.2549099975,1.0
trd-gw,0.0630199283,1.0
ifi2-gw5,0.0385266776,1.0