SystemId,threshold,maxTPR
tromso-gw5,0.0214070138,1.0
teknobyen-gw1,0.0046226297,1.0
hoytek-gw2,0.019339946,1.0
bergen-gw3,0.0054292364,1.0
trd-gw,0.0160681668,1.0
ifi2-gw5,0.0124501164,1.0