SystemId,threshold,maxTPR,PPV,total
tromso-gw5,0.0002873666,1.0,0.0271084337349397,695
teknobyen-gw1,0.0001173065,1.0,0.0288315629742033,695
hoytek-gw2,1.0428e-06,1.0,0.0231213872832369,695
bergen-gw3,4.8842e-06,1.0,0.0236686390532544,695
trd-gw,6.4886e-06,1.0,0.0232896652110625,695
ifi2-gw5,3.53623e-05,1.0,0.0307692307692307,695