SystemId,threshold,maxTPR
tromso-gw5,0.0354522829,1.0
teknobyen-gw1,0.0106350552,1.0
hoytek-gw2,0.019308572,1.0
bergen-gw3,0.0232054042,1.0
trd-gw,0.0089770828,1.0
ifi2-gw5,0.0036164803,1.0