SystemId,threshold,maxTPR,PPV,total
tromso-gw5,0.0678846474,1.0,0.0299003322259136,695
teknobyen-gw1,0.0142856393,1.0,0.0292758089368258,695
hoytek-gw2,0.0181173226,1.0,0.0256821829855537,695
bergen-gw3,0.0340666354,1.0,0.0251177394034536,695
trd-gw,0.0013773107,1.0,0.023088023088023,695
ifi2-gw5,0.0065214964,1.0,0.026865671641791,695