SystemId,threshold,maxTPR
tromso-gw5,4544.8888888889,1.0
teknobyen-gw1,670944.1111111641,1.0
hoytek-gw2,2353096.888888836,1.0
bergen-gw3,12420310.0,1.0
trd-gw,29959235.88888884,1.0
ifi2-gw5,207615942.33333305,1.0