SystemId,threshold,maxTPR
tromso-gw5,0.0605806156,1.0
teknobyen-gw1,0.021958781,1.0
hoytek-gw2,0.0519928644,1.0
bergen-gw3,0.0387753989,1.0
trd-gw,0.0006429394,1.0
ifi2-gw5,0.000359573,1.0