SystemId,threshold,maxTPR
tromso-gw5,1725.5555555555,1.0
teknobyen-gw1,6208.1111111111,1.0
hoytek-gw2,2526616.666666627,1.0
bergen-gw3,159466466.0,1.0
trd-gw,16515438.44444442,1.0
ifi2-gw5,80107508.44444466,1.0