SystemId,threshold,maxTPR
tromso-gw5,0.0388719835,1.0
teknobyen-gw1,0.004015661,1.0
hoytek-gw2,0.0064272015,1.0
bergen-gw3,0.1280076471,1.0
trd-gw,0.0559812303,1.0
ifi2-gw5,0.0037569613,1.0