SystemId,threshold,maxTPR
tromso-gw5,0.0020935232,1.0
bergen-gw3,0.1022990242,1.0
trd-gw,0.0273908591,1.0
ifi2-gw5,0.0549653921,1.0