SystemId,threshold,maxTPR
tromso-gw5,2.8888888888,1.0
teknobyen-gw1,0.2222222222,1.0
hoytek-gw2,37.6666666666,1.0
bergen-gw3,7.7777777777,1.0
trd-gw,5.5555555555,1.0
ifi2-gw5,46.4444444444,1.0