SystemId,threshold,maxTPR,PPV,total
tromso-gw5,0.042127341,1.0,0.0273972602739726,705
teknobyen-gw1,0.0560010073,1.0,0.0300157977883096,705
hoytek-gw2,0.1420851502,1.0,0.0333333333333333,705
bergen-gw3,0.041476483,1.0,0.0241327300150829,705
trd-gw,0.0891717134,1.0,0.0279232111692844,705
ifi2-gw5,0.0035579328,1.0,0.0258992805755395,705