SystemId,threshold,maxTPR
tromso-gw5,0.0461924458,1.0
teknobyen-gw1,0.2695701032,1.0
hoytek-gw2,0.0101414487,1.0
bergen-gw3,2.78006e-05,1.0
trd-gw,0.1927763335,1.0
ifi2-gw5,0.0437551059,1.0