SystemId,threshold,maxTPR
tromso-gw5,0.077220816,1.0
teknobyen-gw1,0.021076594,1.0
hoytek-gw2,0.0118649388,1.0
bergen-gw3,0.0377103292,1.0
trd-gw,0.0452674524,1.0
ifi2-gw5,0.043926879,1.0