SystemId,threshold,maxTPR
tromso-gw5,2.6666666666,1.0
teknobyen-gw1,1.3333333333,1.0
hoytek-gw2,3.8888888888,1.0
bergen-gw3,1633.3333333333,1.0
trd-gw,6235.6666666666,1.0
ifi2-gw5,598.1111111111,1.0