SystemId,threshold,maxTPR
tromso-gw5,0.0218572564,1.0
bergen-gw3,0.2581907861,1.0
trd-gw,0.5729940095,1.0
ifi2-gw5,0.5332268639,1.0