SystemId,threshold,maxTPR
tromso-gw5,397.2222222222,1.0
teknobyen-gw1,78.3333333333,1.0
hoytek-gw2,1841.6666666666,1.0
bergen-gw3,77849.6666666665,1.0
trd-gw,38740.5555555555,1.0
ifi2-gw5,96649.6666666669,1.0