SystemId,threshold,maxTPR
tromso-gw5,0.8888888888,1.0
teknobyen-gw1,0.4444444444,0.9473684210526316
hoytek-gw2,1859.2222222222,1.0
bergen-gw3,5411.5555555555,1.0
trd-gw,13961.3333333333,1.0
ifi2-gw5,1815.8888888888,1.0