SystemId,threshold,maxTPR
tromso-gw5,0.2358048426,1.0
bergen-gw3,0.7511647522,1.0
trd-gw,0.1099364073,1.0
ifi2-gw5,0.131495041,1.0