SystemId,threshold,maxTPR
tromso-gw5,1.1111111111,1.0
teknobyen-gw1,0.2222222222,1.0
hoytek-gw2,3.6666666666,1.0
bergen-gw3,1.6666666666,0.9375
trd-gw,4.8888888888,1.0
ifi2-gw5,9.4444444444,1.0