SystemId,threshold,maxTPR
tromso-gw5,0.0357613446,1.0
teknobyen-gw1,0.0111396519,1.0
hoytek-gw2,0.000150135,1.0
bergen-gw3,0.055834774,1.0
trd-gw,0.0043071041,1.0
ifi2-gw5,0.0111111132,1.0