SystemId,threshold,maxTPR
stangnes-gw,0.499067,0.995049504950495
rodbergvn-gw2,0.976176,1.0
tromso-fh-gw,3.205965,1.0
tromso-gw5,0.994224,1.0
teknobyen-gw1,-0.117026,1.0
narvik-gw3,0.984288,1.0
hovedbygget-gw,2.472991,1.0
teknobyen-gw2,4.336179,1.0
ma2-gw,1.944177,1.0
bergen-gw3,-0.10062,1.0
narvik-kv-gw,0.147239,1.0
trd-gw,4.722242,1.0
ifi2-gw5,-0.18843,1.0
oslo-gw1,3.888944,1.0