SystemId,threshold,maxTPR
stangnes-gw,0.439099,0.995049504950495
rodbergvn-gw2,0.541102,1.0
tromso-fh-gw,1.866636,1.0
tromso-gw5,0.003596,1.0
teknobyen-gw1,0.23726,1.0
narvik-gw3,0.68149,1.0
hovedbygget-gw,0.010143,1.0
teknobyen-gw2,3.235968,1.0
ma2-gw,0.727798,1.0
bergen-gw3,0.781579,1.0
narvik-kv-gw,0.004846,1.0
trd-gw,3.657615,1.0
ifi2-gw5,-0.001077,1.0
oslo-gw1,0.185568,1.0