SystemId,threshold,maxTPR
stangnes-gw,0.506494,0.995049504950495
rodbergvn-gw2,0.938335,1.0
tromso-fh-gw,2.962123,1.0
tromso-gw5,0.996066,1.0
teknobyen-gw1,0.100386,1.0
narvik-gw3,1.080939,1.0
hovedbygget-gw,2.747507,1.0
teknobyen-gw2,4.223617,1.0
ma2-gw,0.794559,1.0
bergen-gw3,1.412465,1.0
narvik-kv-gw,1.587522,1.0
trd-gw,9.710629,1.0
ifi2-gw5,-0.177877,1.0
oslo-gw1,9.465414,1.0