SystemId,threshold,maxTPR
stangnes-gw,0.43775,0.995049504950495
rodbergvn-gw2,0.538043,1.0
tromso-fh-gw,2.152944,1.0
tromso-gw5,0.003548,1.0
teknobyen-gw1,-0.035892,1.0
narvik-gw3,0.686595,1.0
hovedbygget-gw,0.008262,1.0
teknobyen-gw2,3.252298,1.0
ma2-gw,0.007571,1.0
bergen-gw3,-0.002948,1.0
narvik-kv-gw,0.370924,1.0
trd-gw,0.055687,1.0
ifi2-gw5,-0.087168,1.0
oslo-gw1,0.117901,1.0