SystemId,threshold,maxTPR
stangnes-gw,1.5035,0.995049504950495
rodbergvn-gw2,2.245408,1.0
tromso-fh-gw,3.221372,1.0
tromso-gw5,2.865039,1.0
teknobyen-gw1,1.061902,1.0
narvik-gw3,1.221991,1.0
hovedbygget-gw,3.284553,1.0
teknobyen-gw2,6.452518,1.0
ma2-gw,1.06082,1.0
bergen-gw3,1.849047,1.0
narvik-kv-gw,1.587825,1.0
trd-gw,9.525267,1.0
ifi2-gw5,-0.192084,1.0
oslo-gw1,10.798208,1.0