SystemId,threshold,maxTPR
stangnes-gw,0.053085,0.995049504950495
rodbergvn-gw2,0.079405,1.0
tromso-fh-gw,1.09931,1.0
tromso-gw5,0.192361,1.0
teknobyen-gw1,-0.014448,1.0
narvik-gw3,0.168507,1.0
hovedbygget-gw,0.470621,1.0
teknobyen-gw2,2.806155,1.0
ma2-gw,0.333033,1.0
bergen-gw3,-0.035053,1.0
narvik-kv-gw,0.042578,1.0
trd-gw,1.884477,1.0
ifi2-gw5,-0.073312,1.0
oslo-gw1,2.632758,1.0