SystemId,threshold,maxTPR
stangnes-gw,0.053089,0.995049504950495
rodbergvn-gw2,0.080406,1.0
tromso-fh-gw,1.067266,1.0
tromso-gw5,0.191667,1.0
teknobyen-gw1,0.01301,1.0
narvik-gw3,0.169657,1.0
hovedbygget-gw,0.72389,1.0
teknobyen-gw2,2.634255,1.0
ma2-gw,0.204627,1.0
bergen-gw3,0.691752,1.0
narvik-kv-gw,0.42396,1.0
trd-gw,2.024097,1.0
ifi2-gw5,-0.068126,1.0
oslo-gw1,5.79144,1.0