SystemId,threshold,maxTPR
stangnes-gw,1.470293,0.995049504950495
rodbergvn-gw2,2.459882,1.0
tromso-fh-gw,3.808104,1.0
tromso-gw5,2.757394,1.0
teknobyen-gw1,-0.160375,1.0
narvik-gw3,1.037583,1.0
hovedbygget-gw,3.110301,1.0
teknobyen-gw2,6.278742,1.0
ma2-gw,1.755415,1.0
bergen-gw3,-0.007014,1.0
narvik-kv-gw,0.707096,1.0
trd-gw,7.037381,1.0
ifi2-gw5,-0.232238,1.0
oslo-gw1,5.949032,1.0