SystemId,threshold,maxTPR
stangnes-gw,0.018045,0.975
rodbergvn-gw2,0.016259,0.975
narvik-gw4,0.002499,0.975
tromso-fh-gw,0.003462,0.975
tromso-gw5,0.004644,0.975
teknobyen-gw1,0.00182,0.975
narvik-gw3,0.003881,0.975
hovedbygget-gw,0.002479,0.975
hoytek-gw2,0.001128,0.975
teknobyen-gw2,0.014969,0.975
ma2-gw,0.000607,0.975
bergen-gw3,0.002459,0.975
narvik-kv-gw,0.000212,0.975
trd-gw,0.003909,0.975
ifi2-gw5,0.002743,0.975
oslo-gw1,0.000232,0.975