SystemId,threshold,maxTPR
stangnes-gw,0.004675,0.975
rodbergvn-gw2,0.001882,0.975
narvik-gw4,0.011074,0.975
tromso-fh-gw,0.001753,0.975
tromso-gw5,0.048695,0.975
teknobyen-gw1,0.00207,0.975
narvik-gw3,0.005623,0.975
hovedbygget-gw,0.000919,0.975
hoytek-gw2,0.027913,0.975
teknobyen-gw2,0.000189,0.975
ma2-gw,0.010258,0.975
bergen-gw3,0.001102,0.975
narvik-kv-gw,0.002483,0.975
trd-gw,0.002894,0.975
ifi2-gw5,0.003005,0.975
oslo-gw1,0.005256,0.975