SystemId,threshold,maxTPR
stangnes-gw,0.002456,0.975
rodbergvn-gw2,0.001728,0.975
narvik-gw4,0.002895,0.975
tromso-fh-gw,0.015025,0.975
tromso-gw5,0.03889,0.975
teknobyen-gw1,0.011396,0.975
narvik-gw3,0.013382,0.975
hovedbygget-gw,0.013095,0.975
hoytek-gw2,0.002433,0.975
teknobyen-gw2,0.000766,0.975
ma2-gw,0.000191,0.975
bergen-gw3,0.005002,0.975
narvik-kv-gw,0.010446,0.975
trd-gw,0.028858,0.975
ifi2-gw5,0.03008,0.975
oslo-gw1,5.9e-05,0.975