{"minimum": -0.39135636915125116, "maximum": 24.591410626737233}