{"minimum": -0.42763460801596614, "maximum": 10525.798071813217}