{"minimum": -0.4425532584475313, "maximum": 25.470353703015387}