{"minimum": -0.00975866546541327, "maximum": 114.3093117554317}