{"minimum": -0.34802317885842315, "maximum": 22.562584190489822}