{"minimum": -0.2711876508797686, "maximum": 15.080219263135602}