{"minimum": -0.009818279299662228, "maximum": 0.987186668053357}