{"minimum": -0.45170698227863365, "maximum": 39.84482560058022}