SystemId,PPV,total
tromso-gw5,0.52,225
teknobyen-gw1,0.5675675675675675,225
hoytek-gw2,0.37857142857142856,225
bergen-gw3,0.25,225
trd-gw,0.0,225