SystemId,PPV,total
tromso-gw5,0.5925925925925926,230
teknobyen-gw1,0.54,230
hoytek-gw2,0.3080568720379147,230
bergen-gw3,0.325,230