SystemId,threshold,maxF1,PPV,total
tromso-gw5,0.34,0.064453125,0.0339157245632065,1645
teknobyen-gw1,0.09,0.0521978021978022,0.0268172194777699,1536
hoytek-gw2,0.04,0.0198019801980198,0.01,800
bergen-gw3,0.04,0.0235210263720598,0.0119004688063469,2773
ifi2-gw5,0.89,0.0124223602484472,0.0064102564102564,2703